date,open_GDE,close_GDE
2022-03-17,20.015603841540518,22.497020721435547
2022-03-18,22.62671132103944,22.551490783691406
2022-03-21,22.64400562907986,22.742570877075195
2022-03-22,22.782341992553913,22.87053108215332
2022-03-23,23.819867553501417,22.919815063476562
2022-03-24,23.182650491742613,23.343467712402344
2022-03-25,23.25787538816762,23.38583755493164
2022-03-28,23.309751294231845,23.26219940185547
2022-03-29,23.01578739783802,23.434255599975586
2022-03-30,23.439442619792004,23.46537971496582
2022-03-31,23.525902424482275,23.444629669189453
2022-04-01,23.188701665892452,23.0650634765625
2022-04-04,23.24144449961687,23.33741569519043
2022-04-05,23.3702750160806,22.953535079956055
2022-04-06,22.652651249645498,22.758996963500977
2022-04-07,22.79098876014041,22.915491104125977
2022-04-08,23.08495521301782,22.955263137817383
2022-04-11,22.912034142367915,22.751216888427734
2022-04-12,22.806550979614258,22.806550979614258
2022-04-13,23.14980125427246,23.14980125427246
2022-04-14,23.1454750003441,22.84632110595703
2022-04-18,23.084952917457255,22.84632110595703
2022-04-19,22.66129711896109,22.47540855407715
2022-04-20,22.76504878685748,22.95699119567871
2022-04-21,22.92932366526274,22.540250778198242
2022-04-22,22.436500138353487,21.70331382751465
2022-04-25,21.62376898644131,21.52260971069336
2022-04-26,21.18282036645529,21.028921127319336
2022-04-27,21.10500800324609,20.896638870239258
2022-04-28,21.139592711161043,21.454307556152344
2022-04-29,20.69864273071289,20.69864273071289
2022-05-02,18.537131801712462,20.461742401123047
2022-05-03,20.601806640625,20.601806640625
2022-05-04,21.337587356567383,21.337587356567383
2022-05-05,20.536096572875977,20.536096572875977
2022-05-06,20.478168487548828,20.478168487548828
2022-05-09,20.19717359277317,19.534021377563477
2022-05-10,19.402599334716797,19.402599334716797
2022-05-11,19.28847312927246,19.28847312927246
2022-05-12,19.107770226039328,18.078889846801758
2022-05-13,19.021310806274414,19.021310806274414
2022-05-16,19.19423006156157,18.606298446655273
2022-05-17,18.76192855834961,18.76192855834961
2022-05-18,18.571714401245117,18.571714401245117
2022-05-19,19.061946586148217,18.511192321777344
2022-05-20,18.416086196899414,18.416086196899414
2022-05-23,19.064538955688477,19.064538955688477
2022-05-24,19.414704572262067,18.94349479675293
2022-05-25,19.401737484148807,19.021310806274414
2022-05-26,18.93484878540039,18.93484878540039
2022-05-27,20.326862577629793,20.197172164916992
2022-05-31,20.119355326508536,19.211519241333008
2022-06-01,19.150999069213867,19.150999069213867
2022-06-02,19.72164036518503,19.704349517822266
2022-06-03,20.06748057827149,19.8080997467041
2022-06-06,20.17123366940871,19.32392120361328
2022-06-07,19.721636510201343,19.39308738708496
2022-06-08,19.937789922153247,19.5054874420166
2022-06-09,18.831096649169922,18.831096649169922
2022-06-10,18.891618525579002,19.32564926147461
2022-06-13,18.89162106974355,18.1385498046875
2022-06-14,17.956113815307617,17.956113815307617
2022-06-15,18.19993399790853,18.446346282958984
2022-06-16,18.10482920311628,18.118661880493164
2022-06-17,18.174001070388535,18.011455535888672
2022-06-21,18.32962426562259,18.32443618774414
2022-06-22,18.303687340512376,18.329626083374023
2022-06-23,18.26045617621375,18.43683433532715
2022-06-24,18.920148849487305,18.920148849487305
2022-06-27,19.03860283849014,18.787866592407227
2022-06-28,18.477474212646484,18.477474212646484
2022-06-29,18.468828201293945,18.468828201293945
2022-06-30,18.145463943481445,18.145463943481445
2022-07-01,18.35037612915039,18.35037612915039
2022-07-05,17.953521533270553,18.020095825195312
2022-07-06,17.826427459716797,17.826427459716797
2022-07-07,18.018366867156992,18.11087989807129
2022-07-08,18.11693000793457,18.11693000793457
2022-07-11,17.949198660964896,17.791839599609375
2022-07-12,17.592117309570312,17.592117309570312
2022-07-13,17.61459732055664,17.61459732055664
2022-07-14,17.342247009277344,17.342247009277344
2022-07-15,17.592985153198242,17.592985153198242
2022-07-18,17.76330967346081,17.506521224975586
2022-07-19,17.923258737571093,17.956113815307617
2022-07-20,18.01836733243288,17.968219757080078
2022-07-21,17.058655843754693,18.32184410095215
2022-07-22,18.18610191345215,18.18610191345215
2022-07-25,18.167078018188477,18.167078018188477
2022-07-26,17.958709716796875,17.958709716796875
2022-07-27,18.571714401245117,18.571714401245117
2022-07-28,18.6927610501102,18.974620819091797
2022-07-29,19.410383990880682,19.32132911682129
2022-08-01,19.34208106994629,19.34208106994629
2022-08-02,19.16223907470703,19.16223907470703
2022-08-03,19.401734598684616,19.488195419311523
2022-08-04,19.782161911522664,19.715587615966797
2022-08-05,19.513269424438477,19.513269424438477
2022-08-08,19.79945556457487,20.482494354248047
2022-08-09,19.989667696911003,19.61961555480957
2022-08-10,19.984479904174805,19.984479904174805
2022-08-11,19.886777877807617,19.886777877807617
2022-08-12,20.089093570010604,20.351932525634766
2022-08-15,20.318217762013806,20.210142135620117
2022-08-16,20.201494216918945,20.201494216918945
2022-08-17,19.970644615180685,19.949893951416016
2022-08-18,19.924823760986328,19.924823760986328
2022-08-19,19.721640117459202,19.70867156982422
2022-08-22,19.358501841472524,19.101715087890625
2022-08-23,19.150998216711653,19.180395126342773
2022-08-24,19.289336966838786,19.29538917541504
2022-08-25,19.35850544191759,19.542667388916016
2022-08-26,19.237459654772977,18.79218864440918
2022-08-29,18.813804252696418,18.704864501953125
2022-08-30,18.589003239603585,18.323570251464844
2022-08-31,18.234519623591975,18.118661880493164
2022-09-01,17.862740027312796,17.905969619750977
2022-09-02,18.035660965930038,18.05295181274414
2022-09-06,17.717485427856445,17.717485427856445
2022-09-07,18.173998590481386,18.212905883789062
2022-09-08,18.19993568661766,18.212905883789062
2022-09-09,18.3728539995201,18.563066482543945
2022-09-12,19.799455371788664,18.82158660888672
2022-09-13,17.940552039322743,17.868789672851562
2022-09-14,18.104828552108078,17.835071563720703
2022-09-15,17.482313128557873,17.363862991333008
2022-09-16,17.29209999450609,17.319766998291016
2022-09-19,17.292098758443803,17.421789169311523
2022-09-20,17.209962967901692,17.323225021362305
2022-09-21,17.086326599121094,17.086326599121094
2022-09-22,16.935017291535395,16.97219467163086
2022-09-23,16.36610908197166,16.390317916870117
2022-09-26,16.108457565307617,16.108457565307617
2022-09-27,16.470725383836065,16.122289657592773
2022-09-28,16.237282612975545,16.761232376098633
2022-09-29,16.436140060424805,16.436140060424805
2022-09-30,16.427494912990884,16.212207794189453
2022-10-03,16.66093894664556,16.94193458557129
2022-10-04,17.610273361206055,17.610273361206055
2022-10-05,17.519493103027344,17.519493103027344
2022-10-06,17.27480811906468,17.363862991333008
2022-10-07,16.75258445739746,16.75258445739746
2022-10-10,16.323744316374857,16.315099716186523
2022-10-11,16.297805164192084,16.25370979309082
2022-10-12,16.314231872558594,16.314231872558594
2022-10-13,16.48801612854004,16.48801612854004
2022-10-14,16.02977674605524,15.954554557800293
2022-10-17,16.401556738393435,16.444787979125977
2022-10-18,16.626352310180664,16.626352310180664
2022-10-19,16.392907197074198,16.364376068115234
2022-10-20,16.51395512362842,16.237281799316406
2022-10-21,16.58312249799262,16.82088851928711
2022-10-24,16.934154510498047,16.934154510498047
2022-10-25,17.232097625732422,17.232097625732422
2022-10-26,17.312013626098633,17.312013626098633
2022-10-27,17.285951763085656,17.125253677368164
2022-10-28,16.999301888844947,17.306800842285156
2022-10-31,17.093982696533203,17.093982696533203
2022-11-01,17.216462778922452,17.164344787597656
2022-11-02,17.10353863363588,16.561506271362305
2022-11-03,16.486799859620263,16.384300231933594
2022-11-04,16.608414957597077,16.87769317626953
2022-11-07,17.042735645676203,16.983667373657227
2022-11-08,17.379766671132344,17.358919143676758
2022-11-09,17.042733357490107,16.998432159423828
2022-11-10,18.006924196296527,18.292707443237305
2022-11-11,18.47946548461914,18.47946548461914
2022-11-14,18.407367706298828,18.407367706298828
2022-11-15,18.658403129055905,18.59238624572754
2022-11-16,18.433427810668945,18.433427810668945
2022-11-17,18.293575006622543,18.214529037475586
2022-11-18,18.189340813418113,18.181522369384766
2022-11-21,18.03819465637207,18.03819465637207
2022-11-22,18.250146058098743,18.24580192565918
2022-11-23,18.509002685546875,18.509002685546875
2022-11-25,18.528108279736603,18.475990295410156
2022-11-28,18.371752601385356,18.081626892089844
2022-11-29,18.10942268371582,18.10942268371582
2022-11-30,18.375227150211646,18.84255599975586
2022-12-01,20.72577045230349,19.130077362060547
2022-12-02,19.045818328857422,19.045818328857422
2022-12-05,18.441242875289355,18.45253562927246
2022-12-06,18.33787808570196,18.241458892822266
2022-12-07,18.363067626953125,18.363067626953125
2022-12-08,18.48815155029297,18.48815155029297
2022-12-09,18.445589065551758,18.445589065551758
2022-12-12,18.69228172302246,18.69228172302246
2022-12-13,18.923341751098633,18.923341751098633
2022-12-14,19.040607910401928,18.818235397338867
2022-12-15,18.094655990600586,18.094655990600586
2022-12-16,18.111162261569838,18.05730628967285
2022-12-19,17.88531203780198,17.861858367919922
2022-12-20,18.18673421446795,18.250144958496094
2022-12-21,18.353513717651367,18.353513717651367
2022-12-22,18.024297774086445,17.957412719726562
2022-12-23,17.988803580736867,18.072513580322266
2022-12-27,18.206793702982353,18.16755485534668
2022-12-28,18.10215818980759,18.097797393798828
2022-12-29,18.26173210144043,18.26173210144043
2022-12-30,18.25911393757017,18.2974796295166
2023-01-03,18.64278353854842,18.42043113708496
2023-01-04,18.642783356692647,18.646272659301758
2023-01-05,18.477108838542005,18.274810791015625
2023-01-06,18.794507886576355,18.921815872192383
2023-01-09,19.2793240253016,18.969772338867188
2023-01-10,18.921817503503895,19.148529052734375
2023-01-11,19.18340713344939,19.340362548828125
2023-01-12,19.340361421222905,19.457204818725586
2023-01-13,19.793789887614814,19.896682739257812
2023-01-17,19.88098444958629,19.75018882751465
2023-01-18,19.601953799021608,19.340362548828125
2023-01-19,19.436280790651836,19.584514617919922
2023-01-20,19.6629916575328,19.758909225463867
2023-01-23,19.998701095581055,19.998701095581055
2023-01-24,19.994341787624588,20.075435638427734
2023-01-25,19.719668558278073,20.113800048828125
2023-01-26,20.003062068648642,20.119905471801758
2023-01-27,20.112056215474432,20.27337074279785
2023-01-30,20.20361499421856,19.962078094482422
2023-01-31,20.15129723770472,20.18966293334961
2023-02-01,20.683198460251347,20.67447853088379
2023-02-02,20.430328209643005,20.578563690185547
2023-02-03,20.273372056801453,19.973413467407227
2023-02-06,19.880984194347068,19.876625061035156
2023-02-07,19.93330692930886,20.165250778198242
2023-02-08,20.055380054580233,19.949871063232422
2023-02-09,19.913248730246096,19.78768539428711
2023-02-10,19.737979888916016,19.737979888916016
2023-02-13,19.826051712036133,19.826051712036133
2023-02-14,19.802505781499175,19.91673469543457
2023-02-15,19.70659276459377,19.792917251586914
2023-02-16,19.51998784802054,19.671710968017578
2023-02-17,19.375240663503632,19.5461483001709
2023-02-21,19.3752415302226,19.386577606201172
2023-02-22,19.034297914615564,18.9915714263916
2023-02-23,19.096211591852697,19.08574867248535
2023-02-24,18.799740127123474,18.836362838745117
2023-02-27,18.99157452019353,18.911352157592773
2023-02-28,18.947974362505068,18.937511444091797
2023-03-01,19.065689207111642,18.952333450317383
2023-03-02,18.94797370812001,19.034299850463867
2023-03-03,19.18340515356934,19.496442794799805
2023-03-06,19.279324283403373,19.417095184326172
2023-03-07,19.07876994412971,18.85205841064453
2023-03-08,20.63960460240976,18.880834579467773
2023-03-09,19.192127279080886,18.93053436279297
2023-03-10,18.9741315682555,18.9915714263916
2023-03-13,18.956694641282027,19.30025291442871
2023-03-14,19.235723173179743,19.411861419677734
2023-03-15,19.474645450345,19.473773956298828
2023-03-16,19.63247341707869,19.825180053710938
2023-03-17,19.959460554139806,20.162630081176758
2023-03-20,20.35184926275133,20.40416717529297
2023-03-21,20.395450276047498,20.195768356323242
2023-03-22,20.03793881645171,20.241981506347656
2023-03-23,20.316971037587823,20.45212745666504
2023-03-24,20.4041686602449,20.33179473876953
2023-03-27,20.325691469046337,20.2768611907959
2023-03-28,20.264652615888636,20.28034782409668
2023-03-29,20.27337093031134,20.47218132019043
2023-03-30,20.831437228431074,20.73552131652832
2023-03-31,20.740750712103072,20.979671478271484
2023-04-03,21.093029541955207,21.258703231811523
2023-04-04,21.42176055908203,21.42176055908203
2023-04-05,21.51157596115445,21.38513946533203
2023-04-06,21.28486076622932,21.136625289916992
2023-04-10,21.136625767614596,21.067739486694336
2023-04-11,21.24998185588668,21.29619598388672
2023-04-12,21.389500262101997,21.38513946533203
2023-04-13,21.816764796211043,21.802812576293945
2023-04-14,21.607490151658755,21.393856048583984
2023-04-17,21.36333762905154,21.36769676208496
2023-04-18,21.476695264037858,21.402578353881836
2023-04-19,21.450537242278873,21.39560317993164
2023-04-20,21.110466117521543,21.450536727905273
2023-04-21,21.24126215892677,21.276140213012695
2023-04-24,21.18894393257937,21.216848373413086
2023-04-25,21.127907116941337,21.058149337768555
2023-04-26,21.171506215793375,20.950023651123047
2023-04-27,21.058147449506578,21.17848014831543
2023-04-28,21.188944866433697,21.334564208984375
2023-05-01,21.50285575140439,21.270910263061523
2023-05-02,21.33717978054917,21.381650924682617
2023-05-03,21.47669435948345,21.399089813232422
2023-05-04,21.47669283768082,21.53511619567871
2023-05-05,21.02327047797306,21.423505783081055
2023-05-08,21.363341096051837,21.66417121887207
2023-05-09,21.563893065727083,21.601388931274414
2023-05-10,21.69468600505186,21.55604362487793
2023-05-11,21.44181692727182,21.48628807067871
2023-05-12,21.38078023849812,21.363340377807617
2023-05-15,21.428739266210233,21.4636173248291
2023-05-16,21.433097297013756,20.94915199279785
2023-05-17,21.311022640288883,21.186330795288086
2023-05-18,21.10174910216772,21.171506881713867
2023-05-19,21.30230140686035,21.30230140686035
2023-05-22,21.363338660442988,21.406936645507812
2023-05-23,21.263062434953778,21.18894386291504
2023-05-24,20.93607295172736,20.842771530151367
2023-05-25,20.718080882880958,20.733776092529297
2023-05-26,21.276140819688933,21.06512451171875
2023-05-30,21.17499542236328,21.17499542236328
2023-05-31,21.215101108390787,21.179349899291992
2023-06-01,21.311020479863586,21.461872100830078
2023-06-02,21.415657710008972,21.43920135498047
2023-06-05,21.467975530394128,21.546451568603516
2023-06-06,21.581333311167956,21.65981101989746
2023-06-07,21.272652773809536,21.290964126586914
2023-06-08,21.57261450872613,21.692075729370117
2023-06-09,21.712130196514718,21.607494354248047
2023-06-12,21.55953404923871,21.815021514892578
2023-06-13,21.912683263757028,21.90396499633789
2023-06-14,21.895244144124952,21.808917999267578
2023-06-15,22.2440300379584,22.180376052856445
2023-06-16,22.296350573079927,22.31814956665039
2023-06-20,21.781885709823673,21.81240463256836
2023-06-21,21.703407530573745,21.654577255249023
2023-06-22,21.359851582250627,21.48628807067871
2023-06-23,21.947561264038086,21.947561264038086
2023-06-26,21.999878628294844,21.43484115600586
2023-06-27,21.265680222245265,21.464488983154297
2023-06-28,21.363339769151583,21.396474838256836
2023-06-29,21.476696014404297,21.476696014404297
2023-06-30,21.7906074861375,21.8045597076416
2023-07-03,21.869083324834875,21.918785095214844
2023-07-05,21.895244728705585,21.882164001464844
2023-07-06,21.877802471668687,21.575227737426758
2023-07-07,21.738287754021083,21.677249908447266
2023-07-10,21.68596816705453,21.91267967224121
2023-07-11,21.825484086734065,21.870826721191406
2023-07-12,22.278910559641528,22.288503646850586
2023-07-13,22.470744497206333,22.575380325317383
2023-07-14,22.457665836222624,22.427146911621094
2023-07-17,22.348669201743828,22.427146911621094
2023-07-18,22.66257673585593,23.08112335205078
2023-07-19,22.91545246306815,23.360158920288086
2023-07-20,22.906732761763166,22.723617553710938
2023-07-21,22.610260452584814,22.57625389099121
2023-07-24,22.57538294055308,22.68437957763672
2023-07-25,22.653858772359435,22.775936126708984
2023-07-26,22.706177066736803,22.89190673828125
2023-07-27,22.871851872994327,22.697458267211914
2023-07-28,22.6887414135157,22.81517791748047
2023-07-31,22.941610347081692,22.9128360748291
2023-08-01,22.6974580747468,22.831741333007812
2023-08-02,23.229364477544912,22.584104537963867
2023-08-03,22.58410209215393,22.596309661865234
2023-08-04,22.566660395782044,22.575380325317383
2023-08-07,22.880571206428197,22.575380325317383
2023-08-08,22.575381897145117,22.106260299682617
2023-08-09,22.53178227266746,21.887393951416016
2023-08-10,22.27019011462735,21.91267967224121
2023-08-11,21.57261297296366,21.7077693939209
2023-08-14,21.494133241872838,21.749622344970703
2023-08-15,21.581333137149493,21.538606643676758
2023-08-16,21.389497570446085,21.268293380737305
2023-08-17,21.258701503034978,21.004085540771484
2023-08-18,20.936071318870766,20.98577308654785
2023-08-21,21.176738739013672,21.176738739013672
2023-08-22,21.799326693289732,21.15668296813965
2023-08-23,21.388626563426236,21.595285415649414
2023-08-24,21.80804512048087,21.49849510192871
2023-08-25,21.302299459924665,21.36595344543457
2023-08-28,21.55517468250658,21.536863327026367
2023-08-29,22.052200107129313,22.066150665283203
2023-08-30,22.200432746117208,22.146371841430664
2023-08-31,22.113237380981445,22.113237380981445
2023-09-01,22.348666324182567,22.217870712280273
2023-09-05,21.991160587687837,21.945817947387695
2023-09-06,21.842923585531466,21.677249908447266
2023-09-07,21.59877116560038,21.666784286499023
2023-09-08,21.57261293750483,21.544710159301758
2023-09-11,21.720844903223345,21.808042526245117
2023-09-12,21.712128995175533,21.716489791870117
2023-09-13,22.104515898429245,21.753110885620117
2023-09-14,22.121957680962268,21.930994033813477
2023-09-15,21.877803685000423,21.764446258544922
2023-09-18,21.76444769450107,21.8045597076416
2023-09-19,21.607490917045613,21.772293090820312
2023-09-20,21.816766319676617,21.595285415649414
2023-09-21,21.53773595222014,21.130523681640625
2023-09-22,21.127906271772677,21.111339569091797
2023-09-25,20.96223250939296,21.011934280395508
2023-09-26,20.918634943800217,20.594261169433594
2023-09-27,20.51665370698185,20.348363876342773
2023-09-28,20.35185164594376,20.335283279418945
2023-09-29,20.65704253460684,20.143449783325195
2023-10-02,19.976902488405297,19.908016204833984
2023-10-03,19.83738595855032,19.776348114013672
2023-10-04,19.776347067798937,19.843488693237305
2023-10-05,19.7371089938624,19.782451629638672
2023-10-06,19.593233684532336,20.09113121032715
2023-10-09,20.578561283847353,20.527114868164062
2023-10-10,20.686688699449967,20.691919326782227
2023-10-11,20.88375606492381,20.88201141357422
2023-10-12,20.82707473956099,20.6666316986084
2023-10-13,21.154067559496642,21.159299850463867
2023-10-16,21.441817112842255,21.380779266357422
2023-10-17,21.39821823199851,21.299684524536133
2023-10-18,21.511574138082526,21.406936645507812
2023-10-19,21.58133191208016,21.406936645507812
2023-10-20,21.52029478148816,21.21772003173828
2023-10-23,21.328460947392472,21.130523681640625
2023-10-24,21.062512076578127,21.26393699645996
2023-10-25,21.224726546828933,21.126710891723633
2023-10-26,20.91285922010538,20.87721824645996
2023-10-27,20.895040203595038,20.966323852539062
2023-10-30,20.94850430893593,21.08216094970703
2023-10-31,21.052757290688625,21.096418380737305
2023-11-01,21.129384109860656,21.278188705444336
2023-11-02,21.645301818847656,21.645301818847656
2023-11-03,22.02666880817529,21.99102783203125
2023-11-06,21.937563260637802,21.786975860595703
2023-11-07,21.786087138699287,21.80836296081543
2023-11-08,21.6880699182887,21.57847023010254
2023-11-09,21.707674695752978,21.50006103515625
2023-11-10,21.38511676449642,21.661340713500977
2023-11-13,21.581144183693556,21.732622146606445
2023-11-14,21.848459609265294,22.204877853393555
2023-11-15,22.19596675278837,22.239627838134766
2023-11-16,22.374175988414212,22.43922233581543
2023-11-17,22.507836100190104,22.496252059936523
2023-11-20,22.400908235191935,22.605850219726562
2023-11-21,22.780494689941406,22.780494689941406
2023-11-22,22.890984562682522,22.641490936279297
2023-11-24,22.8018798828125,22.8018798828125
2023-11-27,23.00682038106844,22.969396591186523
2023-11-28,23.158298434484756,23.33205223083496
2023-11-29,23.381061942561107,23.411357879638672
2023-11-30,23.38997068590025,23.397098541259766
2023-12-01,23.483530303915472,23.708965301513672
2023-12-04,23.452342404470556,23.160079956054688
2023-12-05,23.087012582986482,23.06295394897461
2023-12-06,23.283045278556045,23.291955947875977
2023-12-07,23.104837303766327,23.220672607421875
2023-12-08,23.470164022803434,23.045135498046875
2023-12-11,22.917715682340358,22.88385581970215
2023-12-12,23.013949561946184,23.046918869018555
2023-12-13,23.02464147393599,23.837276458740234
2023-12-14,24.067166521234686,24.020832061767578
2023-12-15,23.924598407256976,23.778467178344727
2023-12-18,23.692925308734385,23.905885696411133
2023-12-19,24.01370397358752,24.193695068359375
2023-12-20,24.14736034395624,23.707183837890625
2023-12-21,24.102806205898606,24.109935760498047
2023-12-22,24.25026974946229,24.113510131835938
2023-12-26,24.16982455107389,24.448705673217773
2023-12-27,24.500550761348034,24.58814811706543
2023-12-28,24.58993618352463,24.45049476623535
2023-12-29,24.49608361537944,24.491613388061523
2024-01-02,24.294965719110362,24.16446304321289
2024-01-03,23.80334460018385,23.80870819091797
2024-01-04,23.973175281561705,23.85250473022461
2024-01-05,23.97138930028105,23.87217140197754
2024-01-08,23.535186204602915,23.891834259033203
2024-01-09,23.92401453192521,23.848037719726562
2024-01-10,24.008931319215773,24.089378356933594
2024-01-11,23.937421551932445,23.960660934448242
2024-01-12,24.268149609927978,24.366474151611328
2024-01-16,24.348595530700745,23.912395477294922
2024-01-17,23.562002659444083,23.584348678588867
2024-01-18,23.606696058510618,23.99462890625
2024-01-19,24.071501808269034,24.134071350097656
2024-01-22,24.429041539100947,24.22345542907715
2024-01-23,24.134069186057648,24.387924194335938
2024-01-24,24.45764593440309,24.444238662719727
2024-01-25,24.464797839303642,24.372730255126953
2024-01-26,24.411166274607822,24.38435173034668
2024-01-29,24.455857583877158,24.640884399414062
2024-01-30,24.840214400711606,24.72401237487793
2024-01-31,24.634629614537292,24.353960037231445
2024-02-01,24.732951228728282,24.774961471557617
2024-02-02,24.78211482642042,24.965354919433594
2024-02-05,24.58099646930238,24.648929595947266
2024-02-06,24.702560753068717,24.786582946777344
2024-02-07,24.86703156329795,24.966249465942383
2024-02-08,24.867030573309926,24.95730972290039
2024-02-09,24.82233758431028,25.662559509277344
2024-02-12,25.01004702893898,24.885801315307617
2024-02-13,24.554180979501442,24.43798065185547
2024-02-14,24.312841631910047,24.512170791625977
2024-02-15,24.634628654880256,24.759769439697266
2024-02-16,24.697198190980796,24.849153518676758
2024-02-20,24.84915429637258,24.73563575744629
2024-02-21,24.706137070043518,24.754405975341797
2024-02-22,24.98323322661507,25.16915512084961
2024-02-23,25.34077490589513,25.40155601501465
2024-02-26,25.170941943298338,25.48379135131836
2024-02-27,25.421221773114482,25.430160522460938
2024-02-28,25.233511891571446,25.322004318237305
2024-02-29,25.404236065091627,25.43730926513672
2024-03-01,25.483790383174505,26.11216926574707
2024-03-04,26.100551713834047,26.435747146606445
2024-03-05,26.377645247249685,26.311500549316406
2024-03-06,26.46703018340759,26.747699737548828
2024-03-07,27.02121854438934,27.119543075561523
2024-03-08,27.360885137979043,27.164236068725586
2024-03-11,27.64691828792001,27.164236068725586
2024-03-12,27.343006762267734,27.226804733276367
2024-03-13,27.468148697758828,27.238428115844727
2024-03-14,27.17317449489869,27.003341674804688
2024-03-15,26.976529453331032,26.841556549072266
2024-03-18,27.048036495174898,27.03015899658203
2024-03-19,26.815632606064064,27.001554489135742
2024-03-20,27.191050858675517,27.473508834838867
2024-03-21,27.709487954258023,27.763118743896484
2024-03-22,27.405577142835753,27.374292373657227
2024-03-25,27.271499916934918,27.39127540588379
2024-03-26,27.41451449936588,27.360883712768555
2024-03-27,27.646920251945165,27.76580238342285
2024-03-28,28.12066209590216,28.213623046875
2024-04-01,28.92513210349651,28.286026000976562
2024-04-02,28.66591349877416,28.69272804260254
2024-04-03,28.469265826004513,28.726696014404297
2024-04-04,28.715074146156663,28.370046615600586
2024-04-05,28.621219895001094,29.04848289489746
2024-04-08,29.57764431061984,29.260326385498047
2024-04-09,29.631279034265763,29.413175582885742
2024-04-10,28.934068939159246,29.02077293395996
2024-04-11,29.237980929242525,29.617868423461914
2024-04-12,29.684011793093628,28.9206600189209
2024-04-15,29.291610916354923,29.1173095703125
2024-04-16,29.06814892695692,29.184350967407227
2024-04-17,28.978758973999945,28.88043785095215
2024-04-18,28.90725376571237,28.698984146118164
2024-04-19,28.835743592618016,28.540773391723633
2024-04-22,27.977644396178984,28.023231506347656
2024-04-23,28.053623344322705,28.44244956970215
2024-04-24,28.460324414542217,28.333396911621094
2024-04-25,28.049152902510635,28.319992065429688
2024-04-26,28.536303341422038,28.698984146118164
2024-04-29,28.72848122542093,28.718650817871094
2024-04-30,28.594403454657094,27.84803581237793
2024-05-01,27.959768047120313,27.983007431030273
2024-05-02,27.798873042551556,28.04825782775879
2024-05-03,28.15641459792624,28.460325241088867
2024-05-06,28.853622024525368,28.828594207763672
2024-05-07,29.479318221946496,28.81429100036621
2024-05-08,28.76423791231904,28.884906768798828
2024-05-09,29.22010383759965,29.236194610595703
2024-05-10,29.67596988513506,29.599096298217773
2024-05-13,29.488259960676473,29.26300621032715
2024-05-14,29.407812667718915,29.61429214477539
2024-05-15,29.908370715657043,30.479543685913086
2024-05-16,30.23015916945568,30.13630485534668
2024-05-17,30.480432862964467,30.58501434326172
2024-05-20,30.677085236611852,30.882671356201172
2024-05-21,30.672616276013233,30.90949058532715
2024-05-22,30.650269028926502,30.165800094604492
2024-05-23,30.203341766600417,29.44356346130371
2024-05-24,29.658091026206407,29.716190338134766
2024-05-28,29.6223356515827,29.821664810180664
2024-05-29,29.595522844358605,29.412281036376953
2024-05-30,29.327364944014548,29.315744400024414
2024-05-31,29.455185008578603,29.28624725341797
2024-06-03,29.354180551359427,29.508817672729492
2024-06-04,29.309487858862525,29.430156707763672
2024-06-05,29.720660993320333,30.02546501159668
2024-06-06,30.22122163809471,30.19083023071289
2024-06-07,29.497196197509766,29.497196197509766
2024-06-10,29.45250704591241,29.68044090270996
2024-06-11,29.39887269032383,29.649150848388672
2024-06-12,30.30166468003711,30.06568717956543
2024-06-13,29.898538693227554,29.698312759399414
2024-06-14,29.810043578381247,29.863676071166992
2024-06-17,30.06926534183279,30.22300910949707
2024-06-18,30.176525261190815,30.366024017333984
2024-06-20,30.373177179201807,30.694965362548828
2024-06-21,30.203343068461507,30.176525115966797
2024-06-24,30.006694552687552,30.301668167114258
2024-06-25,30.256970819287947,30.237306594848633
2024-06-26,31.19552438861797,29.996862411499023
2024-06-27,30.051385852342946,30.35887336730957
2024-06-28,30.426806532196387,30.238201141357422
2024-07-01,30.25250378965496,30.467920303344727
2024-07-02,30.382115792797585,30.484907150268555
2024-07-03,30.837979318915437,30.79328727722168
2024-07-05,31.19552129713479,31.506582260131836
2024-07-08,31.43685489387956,31.176746368408203
2024-07-09,31.195524304002223,31.335857391357422
2024-07-10,31.445802193051787,31.589712142944336
2024-07-11,31.803344254829906,31.79351043701172
2024-07-12,31.472618059423365,31.910608291625977
2024-07-15,32.049151624874504,32.10635757446289
2024-07-16,32.47373209581104,33.01093673706055
2024-07-17,32.679318894283774,32.482669830322266
2024-07-18,32.40222277341189,31.95529556274414
2024-07-19,31.410047232258478,31.15976905822754
2024-07-22,31.490491719159,31.462783813476562
2024-07-23,31.53518643544031,31.52803611755371
2024-07-24,31.235742202393126,30.854961395263672
2024-07-25,30.618985574362018,30.315074920654297
2024-07-26,30.70389877529837,30.7637882232666
2024-07-29,30.980995732880466,30.84691619873047
2024-07-30,30.900546657632542,30.852277755737305
2024-07-31,31.284909403892676,31.780105590820312
2024-08-01,31.758647522270643,31.401107788085938
2024-08-02,31.12401067614428,30.698537826538086
2024-08-05,29.40781077973947,29.549930572509766
2024-08-06,29.39172266998009,29.687589645385742
2024-08-07,29.8457999276097,29.470382690429688
2024-08-08,29.97987916813365,30.307924270629883
2024-08-09,30.426805209019435,30.485797882080078
2024-08-12,30.62344943222743,30.98188591003418
2024-08-13,31.150821851925592,31.18657684326172
2024-08-14,31.195522833919984,31.20713996887207
2024-08-15,31.41004335889407,31.702333450317383
2024-08-16,31.90166587330242,32.3968620300293
2024-08-19,32.41115638535281,32.73294448852539
2024-08-20,32.768701471403624,32.750823974609375
2024-08-21,32.652501907347016,33.05473709106445
2024-08-22,32.78658246888165,32.12691879272461
2024-08-23,32.56043047870971,32.947471618652344
2024-08-26,33.689375690425535,32.97429275512695
2024-08-27,32.93853466915429,33.40333938598633
2024-08-28,32.92960053442857,32.621219635009766
2024-08-29,32.87596251952308,32.828590393066406
2024-08-30,32.95641281290567,32.86524200439453
2024-09-03,32.65250298546973,32.0142936706543
2024-09-04,32.062557843156604,31.92133140563965
2024-09-05,32.25026917293111,32.05272674560547
2024-09-06,31.94457143273028,31.418987274169922
2024-09-09,31.865914990867996,31.705020904541016
2024-09-10,31.937418388775797,32.02680587768555
2024-09-11,31.69607752092715,32.34859085083008
2024-09-12,32.79551978719231,32.96088409423828
2024-09-13,33.12625044640266,33.45965576171875
2024-09-16,33.64468020767119,33.624122619628906
2024-09-17,33.51954460753966,33.33272933959961
2024-09-18,33.63574439494876,33.07440185546875
2024-09-19,33.60892626203182,33.97093963623047
2024-09-20,34.234626464083284,34.35797882080078
2024-09-23,34.56535093511091,34.61004638671875
2024-09-24,34.5340650612115,34.8057975769043
2024-09-25,35.13742459828807,35.034629821777344
2024-09-26,35.19105226790491,35.174964904785156
2024-09-27,35.29831547409209,34.885353088378906
2024-09-30,34.72624681942317,34.64848327636719
2024-10-01,34.78881203128383,34.84870147705078
2024-10-02,34.70390002450398,34.774513244628906
2024-10-03,34.770938917746534,34.83708190917969
2024-10-04,34.786131539719975,35.07484817504883
2024-10-07,34.860320483082624,34.589481353759766
2024-10-08,34.8335100729699,34.619876861572266
2024-10-09,34.35082790375494,34.70211410522461
2024-10-10,34.68155205861347,34.88267135620117
2024-10-11,35.199990940375784,35.356414794921875
2024-10-14,35.539650813626196,35.53339385986328
2024-10-15,35.441330824309475,35.55752944946289
2024-10-16,35.754178058879766,35.64512634277344
2024-10-17,35.825690225469174,35.91864776611328
2024-10-18,36.10278506632134,36.34591293334961
2024-10-21,36.6659138217532,36.4799919128418
2024-10-22,36.63015166649255,36.612274169921875
2024-10-23,37.8547363091737,36.16535186767578
2024-10-24,36.63909702006286,36.37540817260742
2024-10-25,36.42457325289402,36.34591293334961
2024-10-28,37.13512675936284,36.5184326171875
2024-10-29,36.62041917541925,36.97309112548828
2024-10-30,37.05887443702059,37.077938079833984
2024-10-31,36.57275992324573,35.69585418701172
2024-11-01,35.991330382459495,35.7530403137207
2024-11-04,35.622466193693406,35.69013977050781
2024-11-05,35.938911945408414,36.26774978637695
2024-11-06,35.26693237889999,36.08665084838867
2024-11-07,36.372599172016464,36.85013198852539
2024-11-08,36.98261853655086,36.55369567871094
2024-11-11,36.01039942625383,35.91508483886719
2024-11-12,35.73398652277025,35.45756912231445
2024-11-13,35.98180248593324,35.50522232055664
2024-11-14,35.33365682699318,35.10490036010742
2024-11-15,34.93332881074708,34.37096405029297
2024-11-18,34.599721006666115,35.1716194152832
2024-11-19,35.17161826608153,35.54335021972656
2024-11-20,35.829299458892486,35.883628845214844
2024-11-21,36.1343055822525,36.313499450683594
2024-11-22,36.45838398910378,37.058876037597656
2024-11-25,36.53463989258231,36.05805969238281
2024-11-26,36.08665024824678,36.20579528808594
2024-11-27,36.32303604590504,36.14860534667969
2024-11-29,36.58229692081021,36.646156311035156
2024-12-02,36.32494114089537,36.31254959106445
2024-12-03,36.744333427664415,36.36307144165039
2024-12-04,36.74433324067863,36.83488464355469
2024-12-05,36.934964096207075,36.53559112548828
2024-12-06,36.954028840168064,36.51271438598633
2024-12-09,36.89683307441153,36.645198822021484
2024-12-10,36.9540278595498,36.87777328491211
2024-12-11,37.62123943110546,37.768978118896484
2024-12-12,37.363884742677726,37.08079528808594
2024-12-13,37.992973424916684,36.68333053588867
2024-12-16,36.66808229827123,36.83488464355469
2024-12-17,36.220095366434336,36.4583854675293
2024-12-18,36.3363794858156,34.79035186767578
2024-12-19,35.33365088534123,34.93904113769531
2024-12-20,34.885666651159816,35.50522232055664
2024-12-23,36.01992945569449,35.73398208618164
2024-12-24,35.66726010981235,35.97227478027344
2024-12-26,36.61000541047484,36.19887161254883
2024-12-27,35.73993679326819,35.74184799194336
2024-12-30,35.73037116877045,35.40528869628906
2024-12-31,35.20450387522303,35.4626579284668
2025-01-02,35.99808926621086,35.50090408325195
2025-01-03,36.208435364787185,35.68256759643555
2025-01-06,35.74949615334172,35.979923248291016
2025-01-07,36.09370051587967,35.81929397583008
2025-01-08,36.131946097756526,36.057369232177734
2025-01-10,36.05736884465852,36.0057373046875
2025-01-13,35.42441215451026,35.754276275634766
2025-01-14,35.44353305951131,35.734195709228516
2025-01-15,36.22755905560415,36.635826110839844
2025-01-16,36.868158715055955,36.920745849609375
2025-01-17,37.00201609271813,37.28885269165039
2025-01-21,37.57569475058995,37.527889251708984
2025-01-22,37.88643556800396,38.03081130981445
2025-01-23,37.86253030754188,38.2096061706543
2025-01-24,38.54138059741735,38.36354064941406
2025-01-27,38.14936865542512,37.3586540222168
2025-01-28,37.46287034822894,38.11590576171875
2025-01-29,38.07288034062957,37.874961853027344
2025-01-30,38.598742091533545,38.668540954589844
2025-01-31,38.85689913147876,38.271751403808594
2025-02-03,37.48008155919319,38.34059143066406
2025-02-04,38.72304395819186,38.79475402832031
2025-02-05,38.88558011308307,39.17050552368164
2025-02-06,39.36364306297665,39.26803207397461
2025-02-07,39.63135965502277,39.153297424316406
2025-02-10,39.22978991850379,39.818763732910156
2025-02-11,39.52618629799291,39.85126876831055
2025-02-12,39.516625929158835,39.736534118652344
2025-02-13,39.81493471025044,40.51099395751953
2025-02-14,40.02336836766857,39.67820739746094
2025-02-18,40.40582028422235,40.30925369262695
2025-02-19,40.44406554324432,40.501434326171875
2025-02-20,40.15722833683803,40.415382385253906
2025-02-21,40.166787345208874,39.774776458740234
2025-02-24,39.621796997335146,39.803462982177734
2025-02-25,39.35408268585499,39.153297424316406
2025-02-26,38.962071952245985,39.172420501708984
2025-02-27,38.971630589492385,37.9294548034668
2025-02-28,37.48008233628166,38.156063079833984
2025-03-03,38.72304421642998,37.994476318359375
2025-03-04,37.996385976163275,37.795597076416016
2025-03-05,38.05375710782594,38.381710052490234
2025-03-06,37.82428744359683,37.563262939453125
2025-03-07,37.37490567624139,37.51832580566406
2025-03-10,37.231485613964765,36.428340911865234
2025-03-11,36.43790277592664,36.76298522949219
2025-03-12,36.7754170021546,37.007755279541016
2025-03-13,36.92552526582248,37.134918212890625
2025-03-14,37.623494389389904,37.795597076416016
2025-03-17,37.80994038931985,38.35493469238281
2025-03-18,38.86646079695257,38.318599700927734
2025-03-19,38.46488854363691,38.87411117553711
2025-03-20,38.81865252372679,38.72304153442383
2025-03-21,38.4840103340938,38.4218635559082
2025-03-24,38.723043436593514,39.00988006591797
2025-03-25,39.13895622950706,39.166683197021484
2025-03-26,39.363644902828405,38.689579010009766
2025-03-27,39.03760441359342,39.172420501708984
2025-03-28,39.06724767435571,38.55954360961914
2025-03-31,38.47445050558167,39.24890899658203
2025-04-01,39.41145434815328,39.29193878173828
2025-04-02,39.00987722099201,39.69637680053711
2025-04-03,38.11112400861705,37.557525634765625
2025-04-04,36.47615026548159,34.77424621582031
2025-04-07,33.64602048220954,34.1326904296875
2025-04-08,35.54870986165417,33.84680938720703
2025-04-09,34.41092210546571,38.2162971496582
2025-04-10,37.680864154295385,37.384464263916016
2025-04-11,37.867309676598964,38.732601165771484
2025-04-14,39.44013549740729,38.8090934753418
2025-04-15,38.76128915390796,38.981197357177734
2025-04-16,39.44013566526143,39.392330169677734
2025-04-17,38.88558183833073,38.84733963012695
2025-04-21,39.908638569563415,39.44013595581055
2025-04-22,40.1572283025475,39.8608283996582
2025-04-23,40.1572283474205,39.57112503051758
2025-04-24,39.622759427931015,40.84564208984375
2025-04-25,40.14766956212021,40.558799743652344
2025-04-28,40.75002642158274,41.25677490234375
2025-04-29,40.75958505166223,41.13247299194336
2025-04-30,40.59704237789056,40.64484786987305
2025-05-01,40.5588009210066,40.16679000854492
2025-05-02,40.63529089267028,41.02730178833008
2025-05-05,41.773076157951856,41.90693664550781
2025-05-06,42.27982581078935,42.652713775634766
2025-05-07,42.29895224734135,42.050357818603516
2025-05-08,42.31806855791617,41.62009811401367
2025-05-09,41.63922105038743,41.610538482666016
2025-05-12,41.514924143362144,41.64878463745117
2025-05-13,41.77307662645713,42.54753875732422
2025-05-14,41.81132082134406,41.734832763671875
2025-05-15,41.78264337661268,42.49973678588867
2025-05-16,41.84957048783984,42.31806945800781
2025-05-19,41.95474362698662,42.70051956176758
2025-05-20,42.882182360154154,43.33156204223633
2025-05-21,43.19770428719163,42.63359069824219
2025-05-22,43.00648221015756,42.5953483581543
2025-05-23,42.891743885010115,43.07340621948242
2025-05-27,42.939550408339215,43.22638702392578
2025-05-28,43.37936531657856,42.996917724609375
2025-05-29,43.55146994712501,43.283756256103516
2025-05-30,43.03516051600295,43.092529296875
2025-06-02,43.618397532260474,44.28768539428711
2025-06-03,44.01997476932295,44.18251419067383
2025-06-04,44.2876859854056,44.37373733520508
2025-06-05,44.59364671396093,43.97216796875
2025-06-06,44.43110773158658,44.04865646362305
2025-06-09,44.32593360066656,44.067779541015625
2025-06-10,44.40720169639177,44.392860412597656
2025-06-11,44.52671709863222,44.383296966552734
2025-06-12,44.76574855095129,44.976097106933594
2025-06-13,45.2724902704325,45.09082794189453
2025-06-16,45.196004992919505,44.947410583496094
2025-06-17,44.674916571320864,44.564964294433594
2025-06-18,44.44066723044227,44.01997375488281
2025-06-20,44.22075872835906,43.981727600097656
2025-06-23,44.36417990220247,44.68926239013672
2025-06-24,44.28768569445143,44.325931549072266
2025-06-25,44.92829322412957,44.65101623535156
2025-06-26,44.71794171837189,44.794429779052734
2025-06-27,44.19207352083213,44.15382766723633
2025-06-30,44.6605712192254,45.09082794189453
2025-07-01,45.549769772298895,45.454158782958984
2025-07-02,45.51152626913966,45.79836654663086
2025-07-03,45.69319239488962,45.83660888671875
2025-07-07,45.578453081588385,45.55933380126953
2025-07-08,45.61669995181653,45.15776062011719
2025-07-09,45.32030236981936,45.53064727783203
2025-07-10,45.740997314453125,45.740997314453125
2025-07-11,45.6836298480909,45.93222427368164
2025-07-14,46.171255112056315,45.893978118896484
2025-07-15,46.1425666725352,45.56889343261719
2025-07-16,45.83660419075916,45.69318771362305
2025-07-17,45.67406743123387,46.09476089477539
2025-07-18,46.199934054690715,45.9188346862793
2025-07-21,46.61107093424637,46.92659378051758
2025-07-22,47.10825524528327,47.36640930175781
2025-07-23,47.328162123313156,47.16562271118164
2025-07-24,46.81185576393095,46.869224548339844
2025-07-25,46.611071964398874,46.51546096801758
2025-07-28,46.66843513068243,46.257301330566406
2025-07-29,46.59194431808324,46.39115905761719
2025-07-30,46.180810578341365,45.28205490112305
2025-07-31,46.47721363465292,45.740997314453125
2025-08-01,45.893973709880285,45.80792236328125
2025-08-04,46.448529023020505,46.563262939453125
2025-08-05,46.69712051670473,46.67799758911133
2025-08-06,46.324230827216205,46.974395751953125
2025-08-07,46.97439810025654,47.328163146972656
2025-08-08,47.68192878162878,47.98788833618164
2025-08-11,47.003080223205295,46.68756103515625
2025-08-12,46.73536536705338,47.08913040161133
2025-08-13,47.44289720758324,47.35684585571289
2025-08-14,47.2325520146561,47.29948043823242
2025-08-15,47.16562076798946,46.89790344238281
2025-08-18,47.222989901067834,46.907470703125
2025-08-19,46.7066817811147,46.34335708618164
2025-08-20,46.3051071084313,46.314666748046875
2025-08-21,46.27642717441717,46.1425666809082
2025-08-22,46.419843849973596,47.280357360839844
2025-08-25,47.32816256540391,47.23255157470703
2025-08-26,47.366409442135506,47.39509201049805
2025-08-27,47.662805416993244,47.92095947265625
2025-08-28,47.920959490914456,48.47551345825195
2025-08-29,48.42770928310645,48.66674041748047
2025-09-02,48.76234703917902,49.144798278808594
2025-09-03,49.699353880628244,49.92882537841797
2025-09-04,49.967064802005126,50.08180236816406
2025-09-05,51.01880692057617,50.512062072753906
2025-09-08,51.18134219505391,51.0474853515625
2025-09-09,51.563794042487295,51.13353729248047
2025-09-10,51.44906160059622,51.35344696044922
2025-09-11,51.37256843676159,51.69765090942383
2025-09-12,52.03229390753752,51.83150863647461
2025-09-15,52.3764997647001,52.46255111694336
2025-09-16,52.78763418928973,52.54860305786133
2025-09-17,52.166154561707046,51.84107208251953
2025-09-18,52.127909578702834,51.98448944091797
2025-09-19,52.03229262144052,52.76850891113281
2025-09-22,53.44736318955472,53.77244567871094
2025-09-23,54.336553795919116,53.533409118652344
2025-09-24,53.686389426563906,53.06490707397461
2025-09-25,52.73026745212929,52.8641242980957
2025-09-26,53.11271508030439,53.42823791503906
2025-09-29,54.58514977149651,54.29831314086914
2025-09-30,53.86805276120654,54.89110565185547
2025-10-01,54.97715906217256,55.19706726074219
2025-10-02,55.82810883401418,55.13969802856445
2025-10-03,55.16838631302891,55.42654037475586
2025-10-06,56.325292299626504,56.573883056640625
2025-10-07,57.10931466964906,56.659934997558594
2025-10-08,57.51088846420825,57.72123336791992
2025-10-09,58.01763350880213,56.63125228881836
2025-10-10,56.80335552994878,55.58907699584961
2025-10-13,57.176242280350635,57.644744873046875
2025-10-14,57.3148796300925,58.0367546081543
2025-10-15,59.27015933638446,59.08849334716797
2025-10-16,60.054181307180436,60.24540328979492
2025-10-17,60.178472916109364,59.39445114135742
2025-10-20,60.72346458046303,61.775203704833984
2025-10-21,59.279720003608176,58.10368728637695
2025-10-22,57.66387263016024,57.807289123535156
2025-10-23,58.30447079469545,58.41920471191406
2025-10-24,58.83989962265748,58.658233642578125
2025-10-27,57.97938911672646,57.6782112121582
2025-10-28,56.91488836469109,57.373878479003906
2025-10-29,58.18210512525674,57.27410125732422
2025-10-30,57.7630238503613,57.87777328491211
2025-10-31,58.29186110171041,57.7480583190918
2025-11-03,57.972563760958494,57.82289505004883
2025-11-04,56.78517536782849,56.226402282714844
2025-11-05,56.7552404195354,57.124427795410156
2025-11-06,57.36390502688227,56.42596435546875
2025-11-07,56.964777949484315,56.89493179321289
2025-11-10,58.531334848783416,59.08012771606445
2025-11-11,59.648879058652724,59.539119720458984
2025-11-12,59.55907436264121,60.4371452331543
2025-11-13,60.11784944579291,58.9005241394043
2025-11-14,57.17431733117744,57.84284973144531
2025-11-17,57.79295738274739,56.715328216552734
2025-11-18,57.12442684909147,56.81510543823242
2025-11-19,57.64328768366469,57.08451461791992
2025-11-20,58.1721259496469,56.58561325073242
2025-11-21,56.22640131084306,56.55567932128906
2025-11-24,56.80512901089554,58.09230041503906
2025-11-25,57.882760945207224,58.62113952636719
2025-11-26,59.2796888264259,59.489227294921875
2025-11-28,60.207649225578116,60.3672981262207
2025-12-01,60.33736704359981,60.467079162597656
2025-12-02,60.267520904541016,60.267520904541016
2025-12-03,60.06795785841549,60.47705841064453
2025-12-04,60.49701499909154,60.39723205566406
2025-12-05,60.985938084270245,60.83626937866211
2025-12-08,60.78637845475786,60.05299377441406
2025-12-09,60.31741046500025,60.307430267333984
2025-12-10,60.09789082267845,60.796356201171875
2025-12-11,60.70655247870165,61.484840393066406
2025-12-12,62.67223266934143,61.12562942504883
2025-12-15,61.7342920456948,61.44493103027344
2025-12-16,61.69438459205703,61.30523681640625
2025-12-17,61.39503959423221,60.86620330810547
2025-12-18,61.66444588805278,61.36510467529297
2025-12-19,61.29526132009617,62.093505859375
2025-12-22,63.04142281186738,63.49043655395508
2025-12-23,63.9793605506878,64.5580825805664
2025-12-24,64.37848089450354,64.5979995727539
2025-12-26,65.0,65.29000091552734
2025-12-29,63.29999923706055,62.45000076293945
2025-12-30,62.68000030517578,62.43000030517578
2025-12-31,62.0,61.619998931884766
2026-01-02,62.7400016784668,61.7599983215332
2026-01-05,63.47999954223633,63.61000061035156
2026-01-06,63.875,64.7300033569336
2026-01-07,63.90999984741211,63.79499816894531
2026-01-08,63.68000030517578,64.0999984741211
2026-01-09,64.69000244140625,64.94000244140625
2026-01-12,65.87999725341797,66.08000183105469
2026-01-13,66.54000091552734,65.9000015258789
2026-01-14,66.48999786376953,66.05999755859375
2026-01-15,66.06999969482422,66.08000183105469
2026-01-16,66.0199966430664,65.69999694824219
2026-01-20,66.37999725341797,66.2699966430664
2026-01-21,67.80000305175781,68.02999877929688
2026-01-22,68.25,69.69999694824219
2026-01-23,69.9800033569336,70.47000122070312
2026-01-26,71.27999877929688,71.25
2026-01-27,71.4800033569336,73.55000305175781
2026-01-28,74.80999755859375,76.16000366210938
2026-01-29,78.88999938964844,75.73999786376953
2026-01-30,71.48999786376953,68.8499984741211
2026-02-02,66.44999694824219,66.41999816894531
2026-02-03,71.0,69.54000091552734
2026-02-04,71.26000213623047,69.05000305175781
2026-02-05,67.55000305175781,66.80000305175781
2026-02-06,68.16999816894531,69.97000122070312
2026-02-09,70.87000274658203,72.0
2026-02-10,71.62000274658203,71.16000366210938
2026-02-11,71.2699966430664,71.66999816894531
2026-02-12,71.0999984741211,68.69000244140625
2026-02-13,69.79000091552734,70.0
2026-02-17,68.5,68.30999755859375
2026-02-18,68.87999725341797,69.43000030517578
2026-02-19,69.5,69.83999633789062
2026-02-20,69.9000015258789,71.05999755859375
2026-02-23,71.72000122070312,72.62000274658203
2026-02-24,71.1500015258789,72.1500015258789
2026-02-25,71.97000122070312,72.61000061035156
2026-02-26,72.4000015258789,72.22000122070312
2026-02-27,72.7699966430664,72.76000213623047
2026-03-02,73.55000305175781,74.30000305175781
2026-03-03,70.70999908447266,70.29000091552734
2026-03-04,71.37000274658203,71.6500015258789
2026-03-05,71.27999877929688,70.05999755859375
2026-03-06,69.69000244140625,70.20999908447266
2026-03-09,69.48999786376953,70.16000366210938
2026-03-10,71.83999633789062,71.30000305175781
2026-03-11,71.43000030517578,71.44999694824219
2026-03-12,70.70999908447266,69.16000366210938
2026-03-13,70.0999984741211,67.97000122070312
2026-03-16,68.30999755859375,68.62999725341797
2026-03-17,68.06999969482422,68.25
2026-03-18,66.91000366210938,65.75
2026-03-19,62.41999816894531,63.04999923706055
2026-03-20,63.209999084472656,60.4900016784668
2026-03-23,59.90999984741211,60.18000030517578
2026-03-24,59.5099983215332,59.5
2026-03-25,61.95000076293945,61.5
2026-03-26,60.52000045776367,58.900001525878906
2026-03-27,58.66999816894531,59.25
2026-03-30,61.0099983215332,59.39500045776367
2026-03-31,60.33000183105469,62.900001525878906
2026-04-01,63.2400016784668,63.91999816894531
2026-04-02,61.599998474121094,63.130001068115234
2026-04-06,63.0,63.2599983215332
2026-04-07,62.7599983215332,63.529998779296875
2026-04-08,67.0,65.7699966430664
2026-04-09,65.41000366210938,66.19000244140625
2026-04-10,66.19000244140625,65.86000061035156
2026-04-13,65.36000061035156,66.4800033569336
2026-04-14,67.08999633789062,68.7300033569336
2026-04-15,67.95999908447266,68.1500015258789
2026-04-16,68.55999755859375,68.20999908447266
2026-04-17,69.05000305175781,69.80999755859375
2026-04-20,69.36000061035156,69.05000305175781
2026-04-21,68.61000061035156,67.41999816894531
2026-04-22,68.19000244140625,68.40599822998047
2026-04-23,68.05000305175781,67.62000274658203
2026-04-24,67.52999877929688,68.12000274658203
2026-04-27,68.4800033569336,68.0
2026-04-28,66.87000274658203,66.69999694824219
2026-04-29,65.93000030517578,65.77999877929688
2026-04-30,67.11000061035156,67.5999984741211
2026-05-01,67.26000213623047,67.73999786376953
2026-05-04,66.93000030517578,66.41000366210938
2026-05-05,66.93000030517578,67.16000366210938
2026-05-06,68.72000122070312,69.62999725341797
2026-05-07,69.9800033569336,69.5
2026-05-08,70.52999877929688,70.4000015258789
2026-05-11,70.05000305175781,70.38999938964844
2026-05-12,70.0,70.0
2026-05-13,70.12999725341797,70.0
2026-05-14,70.25,70.02999877929688
2026-05-15,68.66000366210938,67.91999816894531
2026-05-18,68.11000061035156,68.07499694824219
2026-05-19,67.2699966430664,67.05000305175781
2026-05-20,67.31999969482422,68.4800033569336
2026-05-21,67.43499755859375,68.33000183105469
2026-05-22,68.2699966430664,68.1500015258789
2026-05-26,68.25,68.18000030517578
2026-05-27,66.6500015258789,67.43000030517578
2026-05-28,67.0199966430664,68.5999984741211
2026-05-29,68.76000213623047,69.5
2026-06-01,68.2300033569336,68.53500366210938
2026-06-02,68.58999633789062,68.58000183105469
2026-06-03,68.0,67.65599822998047
2026-06-04,68.23999786376953,68.55500030517578
2026-06-05,66.87999725341797,64.55000305175781
2026-06-08,65.11000061035156,65.16000366210938
2026-06-09,65.16000366210938,63.63999938964844
2026-06-10,62.02000045776367,60.5
2026-06-11,60.630001068115234,63.150001525878906
2026-06-12,63.130001068115234,63.56999969482422
2026-06-15,66.19999694824219,65.66999816894531
2026-06-16,65.69000244140625,65.73999786376953
2026-06-17,65.80000305175781,63.79999923706055
2026-06-18,64.43000030517578,63.98500061035156
2026-06-22,62.06999969482422,63.29999923706055
2026-06-23,62.02000045776367,61.310001373291016
2026-06-24,60.11000061035156,59.540000915527344
2026-06-25,60.33000183105469,59.900001525878906
2026-06-26,60.68000030517578,60.66999816894531
2026-06-29,60.97999954223633,60.74700164794922
2026-06-30,60.45000076293945,61.095001220703125
2026-07-01,61.72999954223633,61.540000915527344
2026-07-02,62.209999084472656,62.060001373291016
2026-07-06,62.689998626708984,63.560001373291016
2026-07-07,63.560001373291016,62.64099884033203
2026-07-08,61.630001068115234,62.0
2026-07-09,62.400001525878906,62.845001220703125
2026-07-10,62.220001220703125,62.90999984741211
2026-07-13,62.4900016784668,60.93000030517578
2026-07-14,61.970001220703125,62.060001373291016
2026-07-15,61.869998931884766,62.16999816894531
2026-07-16,61.689998626708984,60.72999954223633
2026-07-17,60.43000030517578,60.939998626708984
2026-07-20,60.56999969482422,60.81999969482422
2026-07-21,61.040000915527344,62.13999938964844
2026-07-22,62.34000015258789,62.849998474121094
2026-07-23,61.349998474121094,60.560001373291016
2026-07-24,60.58000183105469,60.619998931884766
2026-07-27,61.33000183105469,61.099998474121094
2026-07-28,60.400001525878906,60.40999984741211
2026-07-29,60.130001068115234,59.900001525878906
2026-07-30,60.59000015258789,61.540000915527344
2026-07-31,60.9900016784668,61.099998474121094
2026-08-03,61.040000915527344,62.130001068115234
2026-08-04,62.38999938964844,63.29999923706055
2026-08-05,64.31999969482422,65.4000015258789
2026-08-06,65.87999725341797,65.68000030517578
2026-08-07,66.95999908447266,67.33000183105469
